City_ID,City,Lat,Lng,Max Temp,Humidity,Cloudiness,Wind Speed,Country,Date
0,enewetak,11.3474,162.3373,27.2,78,100,8.34,MH,1740003691
1,dalandzadgad,43.5708,104.425,-9.04,52,0,1.22,MN,1740003693
2,lubang,13.8584,120.124,26.48,78,52,10.52,PH,1740003694
3,chincha alta,-13.4099,-76.1323,23.41,81,99,2.7,PE,1740003695
4,sao vicente,-23.9631,-46.3919,27.77,26,46,1.34,BR,1740003696
5,san julian,21.0167,-102.1667,24.45,19,94,2.38,MX,1740003697
6,inhambane,-23.865,35.3833,25.69,89,79,4.37,MZ,1740003698
7,tura,25.5198,90.2201,16.79,42,24,1.92,IN,1740003699
8,papatowai,-46.5619,169.4708,17.03,65,2,2.98,NZ,1740003701
9,rizhao,35.4275,119.4553,-0.11,70,80,1.87,CN,1740003702
10,juneau,58.3019,-134.4197,3.56,97,100,5.66,US,1740003703
11,bilibino,68.0546,166.4372,-27.13,97,8,1.53,RU,1740003704
12,port-aux-francais,-49.35,70.2167,7.6,93,100,16.91,TF,1740003705
13,vuktyl,63.8567,57.3094,-11.05,93,100,6.96,RU,1740003706
14,malango,-2.9627,119.9001,18.97,96,100,1.15,ID,1740003707
15,hawaiian paradise park,19.5933,-154.9731,26.04,75,86,1.34,US,1740003708
16,thompson,55.7435,-97.8558,-9.91,44,20,4.63,CA,1740003709
17,yellowknife,62.456,-114.3525,-15.33,74,40,7.6,CA,1740003711
18,west island,-12.1568,96.8225,26.99,83,100,1.03,CC,1740003712
19,tartu,58.3806,26.7251,-8.72,82,44,3.6,EE,1740003713
20,berdigestyakh,62.0989,126.6992,-26.38,100,100,0.79,RU,1740003714
21,talnakh,69.4865,88.3972,-21.44,96,51,2.79,RU,1740003715
22,kone,-21.0595,164.8658,27.98,65,0,1.32,NC,1740003716
23,blackmans bay,-43.0167,147.3167,13.07,63,75,0.89,AU,1740003717
24,san antonio de pale,-1.4014,5.6325,28.07,76,56,2.82,GQ,1740003718
25,adamstown,-25.066,-130.1015,25.61,81,4,9.6,PN,1740003719
26,waitangi,-43.9535,-176.5597,18.23,99,91,2.68,NZ,1740003721
27,ushuaia,-54.8,-68.3,9.81,50,75,10.8,AR,1740003722
28,puerto natales,-51.7236,-72.4875,15.25,33,20,12.86,CL,1740003723
29,nova sintra,14.8667,-24.7167,22.15,78,2,10.38,CV,1740003724
30,thurso,58.5927,-3.5259,6.14,86,51,10.7,GB,1740003725
31,lebu,-37.6167,-73.65,15.91,77,0,4.79,CL,1740003726
32,tazovsky,67.4667,78.7,-21.08,93,9,6.99,RU,1740003727
33,fale old settlement,-9.3852,-171.2468,28.56,70,94,8.62,TK,1740003728
34,st. john's,47.5649,-52.7093,1.75,91,75,5.66,CA,1740003730
35,avarua,-21.2078,-159.775,29.03,65,40,5.14,CK,1740003731
36,albany,42.6001,-73.9662,-7.46,64,100,2.68,US,1740003732
37,udachny,66.4167,112.4,-27.44,99,42,1.78,RU,1740003733
38,bethel,41.3712,-73.414,-1.66,52,0,4.63,US,1740003734
39,mozarlandia,-14.7447,-50.5706,28.24,69,98,1.09,BR,1740003735
40,puerto ayora,-0.7393,-90.3518,27.53,90,97,3.13,EC,1740003736
41,grytviken,-54.2811,-36.5092,4.41,89,100,2.36,GS,1740003737
42,westport,41.1415,-73.3579,-0.96,49,0,4.12,US,1740003738
43,la passe,45.5549,-0.8967,10.65,85,38,1.37,FR,1740003740
44,iqaluit,63.7506,-68.5145,-19.06,77,40,12.35,CA,1740003741
45,keflavik,64.0049,-22.5624,7.24,93,100,7.2,IS,1740003742
46,petropavlovsk-kamchatsky,53.0452,158.6483,-1.67,51,75,4.0,RU,1740003743
47,north bend,43.4065,-124.2243,12.37,82,100,4.63,US,1740003604
48,susuman,62.7833,148.1667,-31.71,99,99,0.88,RU,1740003745
49,edinburgh of the seven seas,-37.0676,-12.3116,18.73,91,58,10.29,SH,1740003746
50,port elizabeth,-33.918,25.5701,20.17,89,3,2.68,ZA,1740003747
51,lompoc,34.6391,-120.4579,20.29,50,0,8.23,US,1740003749
52,vila velha,-20.3297,-40.2925,26.97,83,40,5.14,BR,1740003750
53,poronaysk,49.2167,143.1167,-12.32,85,100,4.52,RU,1740003751
54,utrik,11.2278,169.8474,27.02,81,96,8.36,MH,1740003752
55,guerrero negro,27.9769,-114.0611,18.43,55,1,5.32,MX,1740003753
56,bredasdorp,-34.5322,20.0403,19.77,76,98,3.58,ZA,1740003754
57,namtsy,62.7161,129.6658,-30.03,100,97,0.39,RU,1740003755
58,lata,40.1629,-8.3327,11.41,93,100,0.33,PT,1740003756
59,dawson creek,55.7666,-120.2362,-17.2,66,0,2.06,CA,1740003757
60,camapua,-19.5314,-54.0439,26.07,76,35,2.11,BR,1740003759
61,ardakan,32.31,54.0175,9.18,26,71,1.03,IR,1740003760
62,gizo,-8.103,156.8419,27.2,80,100,6.78,SB,1740003761
63,caluula,11.9661,50.7569,23.51,78,3,4.97,SO,1740003762
64,palmer,42.1584,-72.3287,-3.8,45,75,6.17,US,1740003763
65,isafjordur,66.0755,-23.124,2.08,97,100,1.53,IS,1740003764
66,ribeira grande,38.5167,-28.7,17.22,88,40,9.77,PT,1740003765
67,kavieng,-2.5744,150.7967,28.52,73,100,3.36,PG,1740003766
68,prince rupert,54.3161,-130.3201,5.05,81,100,4.63,CA,1740003545
69,atafu village,-8.5421,-172.5159,28.38,71,98,7.47,TK,1740003768
70,lauro de freitas,-12.8944,-38.3272,28.01,69,20,6.17,BR,1740003771
71,margaret river,-33.95,115.0667,19.75,92,0,3.29,AU,1740003772
72,tiksi,71.6872,128.8694,-30.36,99,89,1.98,RU,1740003773
73,qaqortoq,60.7167,-46.0333,0.4,64,100,3.76,GL,1740003774
74,vila franca do campo,37.7167,-25.4333,18.27,99,98,7.68,PT,1740003775
75,lihue,21.9789,-159.3672,26.77,74,0,4.63,US,1740003776
76,abepura,-2.6333,140.5833,25.45,94,40,1.03,ID,1740003777
77,kismayo,-0.3582,42.5454,24.88,85,76,5.97,SO,1740003778
78,kerikeri,-35.2268,173.9474,24.39,57,13,1.38,NZ,1740003780
79,tocopilla,-22.092,-70.1979,22.34,76,97,1.69,CL,1740003781
80,hamilton,39.1834,-84.5333,-4.77,62,100,3.6,US,1740003782
81,sinabang,2.4803,96.3801,25.58,83,79,1.24,ID,1740003783
82,tralee,52.2704,-9.7026,12.19,93,100,3.46,IE,1740003784
83,nyaunglebin,17.95,96.7333,20.33,66,0,1.15,MM,1740003786
84,fort mcmurray,56.7268,-111.381,-11.23,40,100,9.26,CA,1740003787
85,esperanza,19.5847,-70.9849,28.5,62,43,3.13,DO,1740003788
86,midland,31.9974,-102.0779,-3.86,54,100,4.63,US,1740003790
87,usogorsk,63.4106,48.6872,-9.47,94,100,3.88,RU,1740003791
88,tolanaro,-25.0319,46.9987,26.04,89,75,3.09,MG,1740003792
89,port mathurin,-19.6833,63.4167,26.8,77,95,5.98,MU,1740003793
90,sao joao da barra,-21.6403,-41.0511,27.05,86,0,5.73,BR,1740003794
91,sitka,57.0531,-135.33,6.94,81,75,2.57,US,1740003776
92,geraldton,-28.7667,114.6,24.23,88,100,4.12,AU,1740003796
93,puerto lempira,15.2667,-83.7667,27.94,71,85,5.4,HN,1740003797
94,longyearbyen,78.2186,15.6401,-8.09,79,40,1.03,SJ,1740003617
95,klyuchi,52.2667,79.1667,-14.85,88,100,3.29,RU,1740003800
96,homer,59.6425,-151.5483,5.58,81,100,2.24,US,1740003801
97,panitian,9.0965,118.0864,24.52,89,100,1.42,PH,1740003802
98,young,-32.6833,-57.6333,28.27,37,13,1.99,UY,1740003803
99,acapulco de juarez,16.8634,-99.8901,27.9,69,100,3.6,MX,1740003612
100,vikulovo,56.8167,70.6107,-21.44,100,100,1.23,RU,1740003805
101,wailua homesteads,22.0669,-159.378,26.44,82,0,4.63,US,1740003806
102,qulsary,46.9531,54.0198,-3.46,96,100,4.26,KZ,1740003807
103,badger,64.8,-147.5333,-5.07,70,75,2.57,US,1740003808
104,vakarai,55.6035,23.8213,-5.41,84,13,1.75,LT,1740003810
105,punta arenas,-53.15,-70.9167,13.06,44,0,9.26,CL,1740003811
106,invercargill,-46.4,168.35,18.34,55,15,4.02,NZ,1740003812
107,boyolangu,-8.1181,111.8935,23.78,92,100,0.95,ID,1740003813
108,jardim,-21.4803,-56.1381,24.65,86,91,3.62,BR,1740003814
109,northam,51.0333,-4.2167,11.56,94,100,2.68,GB,1740003815
110,callao,-12.0667,-77.15,25.16,69,20,3.6,PE,1740003816
111,naze,28.3667,129.4833,11.51,62,96,5.04,JP,1740003817
112,alofi,-19.0595,-169.9187,28.94,79,75,8.75,NU,1740003818
113,obonoma,4.7084,6.7931,28.15,75,82,3.22,NG,1740003819
114,selfoss,63.9331,-20.9971,7.25,91,100,3.19,IS,1740003821
115,rawson,-43.3002,-65.1023,29.16,32,0,5.14,AR,1740003822
116,tabuk,17.4189,121.4443,20.07,92,99,2.9,PH,1740003823
117,ilulissat,69.2167,-51.1,-8.99,45,4,1.03,GL,1740003824
118,kingston,17.997,-76.7936,28.53,65,20,7.72,JM,1740003825
119,aral,40.5156,81.2636,0.03,32,14,2.26,CN,1740003826
120,ashland,40.8167,-82.2665,-8.32,92,100,3.89,US,1740003827
121,morondava,-20.2833,44.2833,27.67,80,100,1.5,MG,1740003828
122,happy valley-goose bay,53.3168,-60.3315,-3.83,68,20,4.63,CA,1740003830
123,oum hadjer,13.2954,19.6966,26.97,11,36,4.38,TD,1740003831
124,camabatela,-8.1881,15.375,16.89,93,77,0.81,AO,1740003832
125,thunder bay,48.4001,-89.3168,-10.01,62,100,4.63,CA,1740003833
126,hermanus,-34.4187,19.2345,21.0,73,40,4.26,ZA,1740003834
127,carnarvon,-24.8667,113.6333,25.29,74,15,4.02,AU,1740003835
128,dno,57.8277,29.9637,-10.74,98,82,1.43,RU,1740003836
129,mount isa,-20.7333,139.5,25.87,41,32,1.03,AU,1740003837
130,borgarnes,64.5383,-21.9206,3.63,95,100,4.17,IS,1740003838
131,la ronge,55.1001,-105.2842,-14.86,30,0,3.09,CA,1740003840
132,barra de santo antonio,-9.4047,-35.5072,26.71,73,2,4.39,BR,1740003841
133,farkhar,36.5729,69.8578,0.76,100,100,1.35,AF,1740003842
134,whitehorse,60.7161,-135.0538,-2.72,92,100,3.09,CA,1740003843
135,el bauga,18.262,33.9081,22.12,10,17,7.09,SD,1740003844
136,acarau,-2.8856,-40.12,25.85,82,71,5.79,BR,1740003845
137,obong,9.741,123.5098,23.84,91,98,4.99,PH,1740003846
138,hotan,37.0997,79.9269,-0.16,47,77,1.33,CN,1740003847
139,howard springs,-12.497,131.047,26.6,88,92,2.21,AU,1740003848
140,mount gambier,-37.8333,140.7667,15.18,58,0,3.63,AU,1740003850
141,huanggang,23.677,116.9996,12.1,88,0,1.13,CN,1740003851
142,liwa,24.5361,56.5656,21.01,78,66,1.54,OM,1740003852
143,jamestown,42.097,-79.2353,-8.32,75,100,3.6,US,1740003853
144,hadibu,12.65,54.0333,22.76,79,1,2.89,YE,1740003854
145,olonkinbyen,70.9221,-8.7187,-1.82,99,100,5.79,SJ,1740003855
146,serra,-20.1286,-40.3078,26.7,83,40,5.14,BR,1740003856
147,wenchang,30.904,118.4887,6.61,83,98,5.03,CN,1740003857
148,grand falls-windsor,48.9332,-55.6649,-0.83,78,76,1.79,CA,1740003858
149,aleksandrov gay,50.147,48.5704,-13.33,89,28,2.22,RU,1740003860
150,kodiak,57.79,-152.4072,2.73,87,100,2.57,US,1740003862
151,kiunga,-6.1219,141.2906,23.15,100,100,0.55,PG,1740003863
152,ephraim,39.3597,-111.5863,4.89,58,100,0.69,US,1740003772
153,toliara,-23.35,43.6667,25.84,90,100,3.23,MG,1740003865
154,mwinilunga,-11.7358,24.4293,16.74,98,100,1.21,ZM,1740003866
155,marsh harbour,26.5412,-77.0636,24.85,74,67,6.5,BS,1740003867
156,luwuk,-0.9516,122.7875,23.05,83,100,1.85,ID,1740003869
157,flying fish cove,-10.4217,105.6791,24.82,94,95,0.0,CX,1740003870
158,palmares do sul,-30.2578,-50.5097,23.06,86,38,4.48,BR,1740003871
159,hithadhoo,-0.6,73.0833,27.27,74,49,0.66,MV,1740003873
160,crane,31.3974,-102.3501,2.12,30,0,5.28,US,1740003874
161,vanimo,-2.6741,141.3028,25.83,88,100,1.81,PG,1740003875
162,anadyr,64.75,177.4833,-26.67,75,0,6.0,RU,1740003876
163,georgetown,5.4112,100.3354,25.96,77,20,1.54,MY,1740003879
164,trelew,-43.249,-65.3051,29.15,32,0,5.14,AR,1740003880
165,yaren,-0.5472,166.916,27.24,75,100,4.34,NR,1740003881
166,canyon,34.9803,-101.9188,-7.95,76,99,2.8,US,1740003882
167,vorkuta,67.5,64.0,-10.57,92,100,9.87,RU,1740003883
168,okakarara,-20.5833,17.4333,23.02,41,68,4.29,NA,1740003884
169,nadym,65.5333,72.5167,-18.73,92,18,8.59,RU,1740003600
170,luanda,-8.8368,13.2343,27.0,89,75,2.06,AO,1740003887
171,belle chasse,29.8549,-89.9906,7.78,74,100,5.81,US,1740003888
172,nuuk,64.1835,-51.7216,0.34,64,40,9.77,GL,1740003889
173,scarborough,54.2797,-0.4044,4.95,51,97,4.47,GB,1740003890
174,denison,33.7557,-96.5367,-4.99,73,75,9.26,US,1740003891
175,santana,-0.0583,-51.1817,26.1,89,75,3.6,BR,1740003892
176,new norfolk,-42.7826,147.0587,13.84,60,96,1.87,AU,1740003893
177,namibe,-15.1961,12.1522,23.95,80,99,3.9,AO,1740003894
178,lerwick,60.1545,-1.1494,5.74,83,100,16.43,GB,1740003896
179,princeville,45.7668,-61.2985,-3.05,92,100,3.6,CA,1740003897
180,orenburg,51.7727,55.0988,-26.99,100,14,2.07,RU,1740003898
181,saint-pierre,-21.3393,55.4781,24.82,73,0,1.54,RE,1740003899
182,altai,46.3722,96.2583,-19.39,78,0,0.99,MN,1740003900
183,gaalkacyo,6.7697,47.4308,21.59,83,4,6.34,SO,1740003901
184,nova vicosa,-17.8919,-39.3719,26.06,81,4,3.42,BR,1740003902
185,stanley,54.868,-1.6985,3.62,92,75,3.6,GB,1740003903
186,ust'-ilimsk,58.0006,102.6619,-27.34,100,5,1.27,RU,1740003904
187,aasiaat,68.7098,-52.8699,-14.97,93,53,0.67,GL,1740003905
188,quinte west,44.1834,-77.5662,-10.18,52,40,4.63,CA,1740003907
189,khanbari,27.3747,87.2039,12.76,55,69,1.02,NP,1740003908
190,prince george,53.9166,-122.753,-3.31,93,100,4.12,CA,1740003736
191,portland,45.5234,-122.6762,13.35,89,100,2.68,US,1740003203
192,nemuro,43.3236,145.575,-4.36,75,100,6.43,JP,1740003911
193,aginskoye,51.1,114.53,-26.0,97,15,2.66,RU,1740003912
194,maitum,6.0392,124.4986,24.75,84,92,1.64,PH,1740003913
195,argenton-sur-creuse,46.59,1.5198,10.24,96,68,3.16,FR,1740003914
196,oum el bouaghi,35.8754,7.1135,9.77,47,100,3.27,DZ,1740003915
197,jiaojiang,28.6803,121.4428,6.75,92,100,2.96,CN,1740003917
198,tazacorte,28.629,-17.9293,17.54,86,75,4.63,ES,1740003918
199,samitah,16.596,42.9444,25.52,72,13,1.06,SA,1740003919
200,luganville,-15.5333,167.1667,28.05,77,100,1.55,VU,1740003920
201,mpulungu,-8.7623,31.1141,22.62,84,79,1.11,ZM,1740003921
202,ust'-barguzin,53.45,108.9833,-27.99,99,76,1.64,RU,1740003922
203,rabo de peixe,37.8,-25.5833,17.77,99,75,10.8,PT,1740003923
204,alice springs,-23.7,133.8833,20.75,19,5,0.0,AU,1740003924
205,andovoranto,-18.95,49.1,25.21,91,97,1.17,MG,1740003925
206,kruisfontein,-34.0033,24.7314,18.28,75,10,7.53,ZA,1740003926
207,mili,6.0815,171.735,27.12,72,66,8.66,MH,1740003928
208,tangalle,6.024,80.7911,23.05,85,0,4.54,LK,1740003929
209,laguna,38.421,-121.4238,14.47,92,100,4.12,US,1740003930
210,dudinka,69.4058,86.1778,-23.43,94,10,5.8,RU,1740003931
211,chibougamau,49.9168,-74.3659,-11.21,92,100,3.6,CA,1740003932
212,breves,-1.6822,-50.4803,24.28,94,95,2.84,BR,1740003933
213,pandan,14.0453,124.1694,25.26,86,100,8.6,PH,1740003934
214,karakulino,56.012,53.7067,-17.81,99,99,1.49,RU,1740003935
215,mul,20.0667,79.6667,23.24,39,17,0.85,IN,1740003936
216,kralendijk,12.15,-68.2667,26.99,78,40,6.17,BQ,1740003938
217,shijiang,27.0819,110.7933,7.68,95,100,0.71,CN,1740003939
218,vorgashor,67.5833,63.95,-10.68,92,100,9.49,RU,1740003940
219,kannad,20.2667,75.1333,20.38,32,77,1.55,IN,1740003941
220,ghormach,35.7306,63.7826,3.85,83,3,0.77,AF,1740003942
221,margate,51.3813,1.3862,7.61,84,100,0.45,GB,1740003943
222,sinop,41.7711,34.8709,-7.43,97,99,1.41,TR,1740003944
223,pathein,16.7833,94.7333,20.67,81,0,3.29,MM,1740003946
224,kyosai,34.8503,128.5886,-2.49,51,88,4.33,KR,1740003948
225,gadzhiyevo,69.2551,33.3362,-8.12,95,83,3.72,RU,1740003950
226,codrington,-38.2667,141.9667,15.08,59,96,5.45,AU,1740003951
227,dhuusamarreeb,5.535,46.3861,22.41,76,6,6.59,SO,1740003952
228,ust-nera,64.5667,143.2,-31.04,99,96,0.6,RU,1740003953
229,antonio enes,-16.2325,39.9086,26.63,84,100,0.59,MZ,1740003954
230,suntar,62.1444,117.6319,-29.38,100,68,1.63,RU,1740003955
231,celestun,20.8667,-90.4,26.64,75,12,5.22,MX,1740003956
232,sungai penuh,-2.0833,101.3833,18.13,95,98,1.88,ID,1740003958
233,xilin hot,43.9667,116.0333,-17.95,84,100,0.79,CN,1740003959
234,slave lake,55.2834,-114.769,-18.01,60,0,9.77,CA,1740003960
235,zaozhuang,34.8647,117.5542,1.06,64,100,3.3,CN,1740003961
236,adh dhayd,25.2881,55.8816,16.41,70,27,0.91,AE,1740003962
237,constantia,44.1833,28.65,-4.61,67,10,5.13,RO,1740003963
238,neka,36.6508,53.299,4.73,87,85,1.03,IR,1740003964
239,tirumullaivasal,11.2333,79.8333,22.9,83,0,2.39,IN,1740003965
240,general jose de san martin,-26.5374,-59.3416,25.72,76,100,3.88,AR,1740003966
241,zapata,26.9073,-99.2714,7.06,42,100,4.63,US,1740003967
242,kattivakkam,13.2167,80.3167,25.08,80,0,1.61,IN,1740003969
243,charters towers,-20.1,146.2667,23.76,79,12,3.8,AU,1740003970
244,petukhovo,55.0692,67.9019,-22.41,100,100,2.17,RU,1740003971
245,chimoio,-19.1164,33.4833,20.23,98,96,1.01,MZ,1740003972
246,grants pass,42.439,-123.3284,10.86,88,100,2.06,US,1740003974
247,puerto rosario,-24.45,-57.0833,24.08,87,100,0.06,PY,1740003975
248,tegueste,28.5167,-16.3167,16.16,89,40,7.6,ES,1740003977
249,cabo san lucas,22.8909,-109.9124,27.17,34,0,5.14,MX,1740003835
250,uaua,-9.8414,-39.4817,31.87,31,98,5.24,BR,1740003980
251,castillos,-34.1667,-53.8333,21.05,71,0,4.32,UY,1740003981
252,arica,-18.475,-70.3042,23.13,60,0,4.63,CL,1740003982
253,fish town,5.1964,-7.8756,23.72,97,100,1.13,LR,1740003983
254,nanao,37.05,136.9667,-0.3,74,100,2.49,JP,1740003984
255,virac,13.6333,124.2167,20.99,90,100,6.74,PH,1740003985
256,port lincoln,-34.7333,135.8667,18.18,65,13,7.88,AU,1740003988
257,magadan,59.5667,150.8,-13.32,75,100,4.41,RU,1740003989
258,tsiombe,-25.3,45.4833,26.11,86,83,3.08,MG,1740003990
259,antofagasta,-23.65,-70.4,19.6,85,74,3.46,CL,1740003991
260,geiro,-6.15,36.8667,16.66,96,22,0.77,TZ,1740003992
261,saldanha,-33.0117,17.9442,19.38,82,2,3.78,ZA,1740003993
262,san pedro pochutla,15.7333,-96.4667,29.84,52,98,2.67,MX,1740003994
263,mata-utu,-13.2816,-176.1745,25.9,94,100,14.47,WF,1740003996
264,farasan,16.7022,42.1183,25.84,74,7,0.81,SA,1740003997
265,hirara,24.8,125.2833,17.92,72,75,6.17,JP,1740003998
266,puerto madryn,-42.7692,-65.0385,29.07,32,100,6.11,AR,1740003999
267,goba,7.0167,39.9833,9.63,35,97,2.15,ET,1740004000
268,manadhoo,5.7667,73.3833,27.1,63,0,2.37,MV,1740004001
269,kidal,18.4411,1.4078,26.0,8,0,3.39,ML,1740004002
270,itoman,26.1247,127.6694,15.01,61,75,5.14,JP,1740004003
271,alotau,-10.3069,150.4462,25.76,91,100,2.27,PG,1740004004
272,labuan,5.2767,115.2417,25.2,94,20,0.0,MY,1740004006
273,salinas,36.6777,-121.6555,14.87,96,100,3.09,US,1740003760
274,kenora,49.8167,-94.4337,-13.46,43,75,3.6,CA,1740004008
275,mazouna,36.1223,0.8987,10.2,80,94,1.49,DZ,1740004009
276,uturoa,-16.7333,-151.4333,27.34,78,100,8.7,PF,1740004010
277,cartagena,10.3997,-75.5144,29.79,70,20,5.14,CO,1740004011
278,mount pearl,47.5166,-52.7813,1.29,93,75,5.66,CA,1740004012
279,nar'yan-mar,67.6713,53.087,-11.29,85,100,5.45,RU,1740004013
280,port-gentil,-0.7193,8.7815,28.98,79,40,2.06,GA,1740004014
281,kodinsk,58.6881,99.1844,-26.5,100,73,1.68,RU,1740004016
282,qui nhon,13.7667,109.2333,20.55,89,54,3.35,VN,1740004017
283,sumberpucung,-8.1586,112.4829,20.58,98,100,1.48,ID,1740004018
284,colonia,50.9333,6.95,3.3,54,0,4.63,DE,1740004019
285,molochnoye,59.2917,39.6787,-13.77,97,74,1.66,RU,1740004020
286,fort william,56.8165,-5.1121,4.06,92,98,2.3,GB,1740004021
287,ciudad lazaro cardenas,17.9583,-102.2,28.1,61,100,4.24,MX,1740004022
288,isangel,-19.55,169.2667,29.06,84,75,3.09,VU,1740004024
289,kapuskasing,49.4169,-82.4331,-14.0,78,100,4.63,CA,1740004026
290,eshowe,-28.8865,31.4699,17.78,98,100,2.09,ZA,1740004027
291,port macquarie,-31.4333,152.9167,23.93,74,97,1.79,AU,1740004028
292,axim,4.8699,-2.2405,26.82,89,63,1.67,GH,1740004029
293,parkes,-33.1333,148.1833,21.77,58,0,5.12,AU,1740004030
294,el calafate,-50.3408,-72.2768,13.91,48,99,5.67,AR,1740004031
295,masterton,-40.9597,175.6575,23.54,37,0,3.42,NZ,1740004032
296,cuenca,-2.8833,-78.9833,20.07,56,75,2.06,EC,1740004033
297,rochford,51.582,0.7067,7.16,90,87,2.68,GB,1740004036
298,hojo,33.9766,132.7777,0.96,75,20,3.09,JP,1740004037
299,haiku-pauwela,20.9219,-156.3051,26.23,69,20,9.83,US,1740004038
300,camalu,30.85,-116.0667,17.5,57,20,4.8,MX,1740004039
301,bandrele,-12.9067,45.1914,26.86,89,0,2.57,YT,1740004040
302,talara,-4.5772,-81.2719,28.42,57,0,2.06,PE,1740004041
303,mihara,34.4,133.0833,-1.93,86,55,2.57,JP,1740004042
304,hasaki,35.7333,140.8333,2.99,46,2,4.24,JP,1740004043
305,rotonda west,26.8837,-82.2901,24.47,92,75,6.17,US,1740004045
306,dumka,24.2667,87.25,19.52,45,13,1.87,IN,1740004046
307,micheweni,-4.9667,39.8333,27.37,78,63,6.17,TZ,1740004047
308,barnesville,33.0546,-84.1557,6.99,89,100,2.57,US,1740004048
309,coquimbo,-29.9533,-71.3436,20.85,67,0,6.17,CL,1740004049
310,pisco,-13.7,-76.2167,24.03,73,0,7.72,PE,1740004050
311,al ghayzah,16.2079,52.176,20.84,79,4,1.43,YE,1740004051
312,nadi,-17.8,177.4167,29.0,65,75,1.03,FJ,1740004052
313,mamuju,-2.6748,118.8885,25.49,81,100,1.13,ID,1740004053
314,enriquillo,17.9,-71.2333,24.93,75,61,4.7,DO,1740004056
315,beloretsk,53.9631,58.3981,-22.54,98,23,1.08,RU,1740004057
316,kushiro,42.975,144.3747,-8.47,73,75,2.57,JP,1740004058
317,plouzane,48.3833,-4.6167,12.1,100,100,8.75,FR,1740004059
318,nuriootpa,-34.4833,139.0,12.46,74,0,6.82,AU,1740004060
319,ta`u,-14.2336,-169.5144,27.22,80,100,13.89,AS,1740004061
320,tezu,27.9167,96.1667,15.41,36,74,1.23,IN,1740004062
321,broome,42.2506,-75.833,-6.86,72,100,4.12,US,1740004064
322,chonchi,-42.6128,-73.8092,17.17,62,0,0.58,CL,1740004065
323,burela de cabo,43.65,-7.4,11.28,83,98,2.57,ES,1740004066
324,nawada,24.8833,85.5333,19.53,43,76,1.9,IN,1740004067
325,luang prabang,19.8856,102.1347,17.53,89,0,0.47,LA,1740004068
326,kwang binh,17.4833,106.6,20.68,90,87,1.48,VN,1740004069
327,hobyo,5.3505,48.5268,24.76,80,5,6.11,SO,1740004070
328,boke,10.9409,-14.2967,23.4,78,23,1.86,GN,1740004071
329,rabaul,-4.1967,152.1721,27.84,74,100,2.48,PG,1740004072
330,vilyuysk,63.7553,121.6247,-36.22,100,98,0.99,RU,1740004074
331,college,64.8569,-147.8028,-5.03,64,75,2.57,US,1740004075
332,okhotsk,59.3833,143.3,-18.32,75,29,6.92,RU,1740004076
333,tondano,1.3038,124.9112,20.05,93,100,0.83,ID,1740004077
334,horta,38.5333,-28.6333,16.8,90,40,9.77,PT,1740004079
335,remire-montjoly,4.9167,-52.2667,26.02,89,75,6.17,GF,1740004080
336,menongue,-14.6585,17.691,17.79,95,100,3.36,AO,1740004082
337,paraiso,9.8383,-83.8656,20.23,90,100,1.81,CR,1740004083
338,polyarnyy,69.1989,33.4478,-8.33,94,85,3.73,RU,1740004084
339,bubaque,11.2833,-15.8333,23.48,70,83,5.52,GW,1740004086
340,inirida,3.8653,-67.9239,28.15,75,83,0.65,CO,1740004087
341,korla,41.7597,86.1469,-1.01,50,100,3.2,CN,1740004088
342,tabou,4.423,-7.3528,26.63,87,86,1.51,CI,1740004089
343,cuyo,10.8525,121.0086,27.35,80,100,11.44,PH,1740004091
344,ola,59.5833,151.2833,-13.61,79,100,4.6,RU,1740004092
345,neiafu,-18.65,-173.9833,27.3,78,91,10.32,TO,1740004093
346,afaahiti,-17.75,-149.2833,26.88,76,89,11.5,PF,1740004094
347,labrador city,52.9463,-66.9114,-7.05,86,75,7.72,CA,1740004095
348,ancud,-41.8697,-73.8203,14.77,75,0,4.1,CL,1740004096
349,iskateley,67.6803,53.1512,-11.28,84,100,5.54,RU,1740004097
350,lagunas,-5.2269,-75.6753,24.59,97,88,1.32,PE,1740004099
351,ingeniero jacobacci,-41.3427,-69.5448,28.74,26,78,6.5,AR,1740004100
352,fontanelas,38.8472,-9.4372,14.53,80,100,0.2,PT,1740004101
353,aleg,17.0481,-13.9209,25.65,13,3,5.44,MR,1740004102
354,kuala belait,4.5833,114.1833,23.99,93,100,1.75,BN,1740004103
355,rikaze,29.25,88.8833,-5.75,26,24,1.97,CN,1740004105
356,rongelap,11.1635,166.8941,26.67,79,100,5.0,MH,1740004106
357,bardai,11.65,7.2333,24.76,13,100,4.0,NG,1740004108
358,mogocha,53.7333,119.7667,-24.88,96,45,1.58,RU,1740004109
359,kamaishi,39.2667,141.8833,-1.83,72,64,3.34,JP,1740004110
360,doka,13.5167,35.7667,29.39,23,99,5.39,SD,1740004111
361,el porvenir,13.7617,-87.3458,35.21,21,57,3.54,HN,1740004112
362,jucurutu,-6.0339,-37.0203,28.1,65,100,4.14,BR,1740004113
363,egilsstadir,65.2653,-14.3948,3.95,93,75,7.2,IS,1740004114
364,karamay,45.6004,84.8661,-9.99,74,9,1.07,CN,1740004115
365,oltinko'l,40.8011,72.1634,6.69,42,100,1.58,UZ,1740004119
366,vernal,40.4555,-109.5287,2.84,44,0,4.47,US,1740004120
367,kiffa,16.6166,-11.4045,27.12,10,0,4.89,MR,1740004121
368,bodo,67.28,14.405,3.76,82,75,8.23,NO,1740004122
369,boguchany,58.3814,97.4531,-24.61,99,45,1.33,RU,1740004123
370,saipan,15.1355,145.701,28.39,77,40,5.66,MP,1740004124
371,luba,3.4568,8.5547,28.47,79,16,3.2,GQ,1740004126
372,kununurra,-15.7667,128.7333,26.99,94,82,0.0,AU,1740004127
373,le port,-20.9373,55.2919,26.98,95,100,3.04,RE,1740004128
374,villa gesell,-37.2639,-56.973,24.84,45,0,8.48,AR,1740004129
375,souillac,-20.5167,57.5167,27.21,74,75,2.57,MU,1740004130
376,alaghsas,17.0187,8.0168,25.69,13,0,2.58,NE,1740004131
377,kasempa,-13.4584,25.8338,19.08,93,100,0.65,ZM,1740004132
378,sherghati,24.5667,84.7833,19.15,39,95,0.48,IN,1740004133
379,jogeva,58.7467,26.3939,-10.87,97,10,1.22,EE,1740004134
380,brooks,50.5834,-111.8851,-16.01,60,12,6.69,CA,1740004136
381,cam pha mines,21.0167,107.3,17.21,96,100,3.09,VN,1740004137
382,mermoz boabab,14.7065,-17.4758,18.88,88,0,4.12,SN,1740004138
383,fengxiang,47.5833,130.8333,-20.82,91,38,3.43,CN,1740004139
384,peterhead,57.5058,-1.7981,5.65,89,100,13.12,GB,1740004140
385,tromso,69.6496,18.957,0.01,93,75,5.66,NO,1740004141
386,shanwei,22.782,115.3475,15.74,77,100,6.08,CN,1740004142
387,zhezqazghan,47.7833,67.7667,-15.26,97,5,1.99,KZ,1740004143
388,hilo,19.7297,-155.09,26.16,83,88,3.58,US,1740004146
389,kagizman,40.1567,43.1342,1.42,96,98,1.46,TR,1740004147
390,save,8.0425,2.486,29.55,60,95,3.87,BJ,1740004148
391,lugoj,45.6886,21.9031,-3.62,55,0,0.78,RO,1740004149
392,mugia,43.1041,-9.2179,14.39,82,100,9.58,ES,1740004150
393,bodaybo,57.8506,114.1933,-35.47,100,100,0.58,RU,1740004151
394,pionerskiy,54.9508,20.2275,-12.09,81,21,2.32,RU,1740004152
395,plastun,44.7561,136.2939,-13.16,69,31,4.01,RU,1740004153
396,guanica,17.9716,-66.908,27.84,61,11,7.08,PR,1740004155
397,bel ombre,-4.6167,55.4167,26.91,78,20,5.66,SC,1740004156
398,puerto baquerizo moreno,-0.9,-89.6,28.55,74,40,4.12,EC,1740004157
399,huatabampo,26.8333,-109.6333,28.26,17,0,5.83,MX,1740004158
400,tebingtinggi,3.3285,99.1625,23.05,96,100,0.72,ID,1740004159
401,curitibanos,-27.2828,-50.5844,17.87,99,100,0.39,BR,1740004160
402,puerto leguizamo,-0.1934,-74.7819,26.94,87,66,1.45,CO,1740004161
403,sidi khaled,34.387,4.9879,14.68,51,100,1.32,DZ,1740004162
404,howrah,22.5892,88.3103,22.0,94,40,1.54,IN,1740004163
405,mulayjah,27.271,48.4242,16.6,36,100,4.01,SA,1740004165
406,kapa'a,22.0752,-159.319,27.18,81,0,4.63,US,1740004166
407,touros,-5.1989,-35.4608,26.79,76,77,4.18,BR,1740004167
408,mo i rana,66.3128,14.1428,-3.15,90,100,0.0,NO,1740004168
409,ostersund,63.1792,14.6357,-8.75,92,0,1.54,SE,1740004169
410,union de san antonio,21.1,-101.9667,25.75,19,91,3.45,MX,1740004170
411,oakland,42.6667,-83.3999,-8.33,63,100,4.12,US,1740003384
412,fort bragg,35.139,-79.006,-0.66,90,100,5.14,US,1740004172
413,konarka,19.9,86.1167,24.35,77,0,4.12,IN,1740004173
414,angaur state,6.906,134.13,27.58,81,100,9.22,PW,1740004175
415,halvad,23.0167,71.1833,22.23,48,37,4.13,IN,1740004176
416,nevel'sk,46.6733,141.8633,-8.45,84,93,4.17,RU,1740004177
417,tarko-sale,64.9225,77.785,-20.61,93,8,7.09,RU,1740004178
418,karema,-6.8205,30.4389,21.64,86,33,1.66,TZ,1740004179
419,port saint john's,-31.6229,29.5448,21.58,90,100,4.24,ZA,1740004180
420,fereydunshahr,32.941,50.121,-10.28,34,71,2.16,IR,1740004181
421,recani,31.2846,-4.2688,12.52,53,12,2.9,MA,1740004182
422,kailua-kona,19.6406,-155.9956,27.98,76,20,5.66,US,1740004183
423,green river,41.5286,-109.4662,0.65,57,100,6.61,US,1740004185
424,mani,4.8172,-72.2886,32.41,38,81,2.04,CO,1740004186
425,rio grande,-32.035,-52.0986,22.75,80,70,7.24,BR,1740004187
426,ts'nori,41.6209,45.9694,2.64,99,100,0.89,GE,1740004188
427,tutoia,-2.7619,-42.2744,26.65,82,48,5.05,BR,1740004189
428,arti,56.4234,58.5328,-24.27,100,87,1.37,RU,1740004190
429,guangyuan,32.442,105.823,6.93,84,100,1.49,CN,1740004191
430,bahia blanca,-38.7196,-62.2724,36.13,15,51,4.79,AR,1740004192
431,san mariano,7.5,126.0,21.13,97,100,0.84,PH,1740004193
432,arkhangel'sk,64.5401,40.5433,-7.94,93,100,4.0,RU,1740004195
433,kikwit,-5.041,18.8162,23.42,76,84,0.73,CD,1740004196
434,tharangambadi,11.0319,79.8528,23.26,81,0,2.82,IN,1740004198
435,arraial do cabo,-22.9661,-42.0278,25.98,83,0,8.23,BR,1740004199
436,usinsk,65.9939,57.5281,-7.86,96,100,4.85,RU,1740004200
437,vikhorevka,56.1201,101.1636,-31.58,100,100,0.76,RU,1740004201
438,broken hill,-31.95,141.4333,17.84,44,0,8.04,AU,1740004202
439,pachino,36.7186,15.0907,13.1,77,100,3.5,IT,1740004204
440,mar del plata,-38.0023,-57.5575,30.01,23,0,4.63,AR,1740004205
441,novodvinsk,64.4165,40.8122,-8.14,98,33,2.22,RU,1740004206
442,bykhaw,53.5193,30.2469,-9.68,93,39,2.38,BY,1740004207
443,kangding,30.0513,101.9603,1.79,82,99,2.46,CN,1740004208
444,qeshm,26.9581,56.2719,20.78,59,25,2.3,IR,1740004209
445,robit,12.0167,39.6333,19.95,37,75,1.53,ET,1740004210
446,queenstown,-31.8976,26.8753,13.61,93,99,2.16,ZA,1740004211
447,krupki,54.3178,29.1358,-11.11,96,45,1.65,BY,1740004212
448,pariaman,-0.619,100.12,26.03,83,95,1.69,ID,1740004215
449,greymouth,-42.4667,171.2,17.38,85,81,3.5,NZ,1740004216
450,bairnsdale,-37.8333,147.6167,17.25,63,81,0.45,AU,1740004217
451,khilok,51.3674,110.4676,-29.69,98,79,1.1,RU,1740004218
452,zouerate,22.7187,-12.4521,17.75,29,0,4.92,MR,1740004219
453,kemin,42.7846,75.6892,-0.17,51,100,1.79,KG,1740004220
454,smithers,54.7804,-127.1743,-1.82,74,75,1.03,CA,1740004221
455,macia,-25.0269,33.0989,24.04,93,100,5.38,MZ,1740004222
456,alajarvi,63.0,23.8167,-6.89,95,87,3.23,FI,1740004224
457,papao,-17.75,-149.55,30.82,74,95,10.95,PF,1740004225
458,thai binh,20.45,106.3333,19.16,94,100,3.18,VN,1740004226
459,la sarre,48.8002,-79.1996,-11.69,94,100,3.31,CA,1740004227
460,faya-largeau,17.9257,19.1043,24.13,10,0,5.06,TD,1740004228
461,kotabumi,-4.8333,104.9,22.58,95,100,1.34,ID,1740004229
462,salahonda,2.1019,-78.7217,26.29,83,71,4.2,CO,1740004230
463,coteau-du-lac,45.3001,-74.1825,-10.97,62,91,4.26,CA,1740004231
464,bikenibeu village,1.3673,173.1241,28.98,79,40,7.53,KI,1740004232
465,bada,51.392,109.8717,-26.76,99,58,1.48,RU,1740004234
466,akureyri,65.6835,-18.0878,6.96,70,75,7.72,IS,1740004236
467,dungarvan,52.0881,-7.6253,11.05,98,100,9.61,IE,1740004237
468,terme,41.2092,36.9739,2.45,72,100,2.85,TR,1740004238
469,chimbarongo,-34.7,-71.05,30.17,32,0,3.17,CL,1740004239
470,huaidian,33.4333,115.0333,2.85,77,100,3.82,CN,1740004240
471,galesong,-5.3166,119.3661,26.52,81,100,2.34,ID,1740004241
472,paita,-5.0892,-81.1144,26.08,72,59,4.97,PE,1740004243
473,kasumkent,41.6773,48.146,-5.38,91,100,1.78,RU,1740004244
474,bereznik,62.8551,42.7072,-16.69,98,67,1.3,RU,1740004245
475,falun,60.6036,15.626,-8.77,97,53,1.03,SE,1740004246
476,cole harbour,44.6724,-63.4751,-0.02,66,20,3.6,CA,1740004247
477,siwa oasis,29.2041,25.5195,14.84,67,0,4.51,EG,1740004248
478,puerto ayacucho,5.6639,-67.6236,25.86,84,100,3.0,VE,1740004249
479,argo,37.6333,22.7333,4.59,86,95,2.48,GR,1740004145
480,barcelos,41.5388,-8.6151,11.67,96,100,1.8,PT,1740004251
481,saint-paul,-21.0096,55.2707,27.05,95,100,1.49,RE,1740004252
482,kokopo,-4.352,152.2633,27.99,71,100,2.82,PG,1740004254
483,vernon,50.2581,-119.2691,2.64,86,100,2.06,CA,1740004255
484,marco de canavezes,41.1839,-8.1486,10.64,96,100,0.9,PT,1740004256
485,okahandja,-21.9833,16.9167,20.08,48,4,3.42,NA,1740004257
486,sabang,5.8933,95.3214,28.22,73,75,7.89,ID,1740004258
487,saint-philippe,-21.3585,55.7679,25.91,78,94,3.81,RE,1740004259
488,nuku'alofa,-21.1333,-175.2,28.19,78,75,6.17,TO,1740004260
489,burang,30.25,81.1667,-10.18,72,100,2.8,CN,1740004261
490,fauske,67.2588,15.3918,3.3,93,100,4.65,NO,1740004262
491,coxen hole,16.3244,-86.5366,28.6,74,0,6.17,HN,1740004264
492,shetpe,44.1667,52.1167,-3.05,95,100,5.51,KZ,1740004266
493,san felice circeo,41.2372,13.0942,11.62,70,99,2.78,IT,1740004267
494,vadso,70.0744,29.7487,-2.91,86,20,7.2,NO,1740004268
495,kwolla,8.9333,9.2833,28.2,12,100,1.96,NG,1740004269
496,midvagur,62.0511,-7.1939,7.46,87,100,9.77,FO,1740004270
497,fortaleza,-3.7227,-38.5247,26.79,89,75,2.06,BR,1740004271
498,hami,42.8,93.45,-0.46,42,0,2.52,CN,1740004273
499,bayanhongor,46.7167,100.1167,-27.7,79,4,1.43,MN,1740004274
500,pacasmayo,-7.4006,-79.5714,24.97,75,81,4.29,PE,1740004275
501,rio vista,38.1558,-121.6913,17.05,86,85,4.94,US,1740004276
502,mejit,10.2753,170.8646,27.45,74,100,8.2,MH,1740004277
503,mossel bay,-34.1831,22.146,21.04,75,91,7.9,ZA,1740004278
504,atar,20.5169,-13.0499,20.24,34,0,5.03,MR,1740004279
505,ilebo,-4.3167,20.5833,23.85,78,93,0.87,CD,1740004280
506,ilhabela,-23.7781,-45.3581,25.78,89,100,2.31,BR,1740004282
507,eyl,7.9803,49.8164,23.29,79,16,4.54,SO,1740004283
508,terrace,54.5163,-128.6035,1.95,69,100,5.66,CA,1740004284
509,blackfoot,43.1905,-112.345,-0.67,98,100,1.15,US,1740004285
510,ambon,-3.6954,128.1814,29.02,100,40,1.03,ID,1740004286
511,noosa heads,-26.3833,153.15,25.34,57,89,6.44,AU,1740004287
512,weno,7.4515,151.8468,28.13,69,80,6.82,FM,1740004289
513,ponta delgada,37.7333,-25.6667,18.44,94,75,10.8,PT,1740004291
514,keren,15.7778,38.4581,20.25,70,37,2.09,ER,1740004292
515,masuguru,-11.3667,38.4167,23.13,95,97,1.59,TZ,1740004293
516,qamdo,31.1667,97.2333,-7.9,73,15,2.13,CN,1740004294
517,onega,63.9061,38.1404,-16.55,99,74,1.34,RU,1740004295
518,richards bay,-28.783,32.0377,21.96,93,100,1.37,ZA,1740004296
519,san luis de la loma,17.2706,-100.8939,27.79,64,100,2.04,MX,1740004297
520,nieuw amsterdam,5.8833,-55.0833,27.01,74,40,2.57,SR,1740004298
521,goz beida,13.95,20.55,25.27,12,6,4.25,TD,1740004299
522,hutang,31.5333,119.4833,5.11,73,99,5.3,CN,1740004301
523,ploudalmezeau,48.5333,-4.65,12.21,100,100,8.75,FR,1740004302
524,naantali,60.4674,22.0243,-11.77,92,0,1.03,FI,1740004303
525,vikarabad,17.3333,77.9,22.46,37,0,1.25,IN,1740004304
526,uzhur,55.3036,89.8339,-18.51,99,75,2.18,RU,1740004305
527,phang nga,8.4509,98.5298,22.18,90,71,1.49,TH,1740004306
528,huarmey,-10.0681,-78.1522,24.5,80,57,3.3,PE,1740004307
529,stiens,53.2623,5.7577,1.64,55,100,5.66,NL,1740004308
530,minas de marcona,-15.2119,-75.1103,19.15,85,100,6.35,PE,1740004309
531,morinville,53.8001,-113.652,-16.4,67,40,5.66,CA,1740004310
532,bamboo flat,11.7,92.7167,24.05,94,40,1.03,IN,1740004312
533,shadegan,30.6497,48.6647,16.8,22,98,1.85,IR,1740004313
534,san rafael del sur,11.8485,-86.4384,31.97,42,100,6.41,NI,1740004314
535,benguela,-12.5763,13.4055,26.59,82,99,3.49,AO,1740004315
536,kigorobya,1.6162,31.3089,22.45,38,11,1.82,UG,1740004316
537,barra de sao francisco,-18.755,-40.8908,24.5,74,77,3.48,BR,1740004318
538,winnemucca,40.973,-117.7357,6.03,87,100,4.12,US,1740004319
539,khandyga,62.6667,135.6,-37.35,100,99,0.95,RU,1740004320
540,port blair,11.6667,92.75,24.02,94,40,1.03,IN,1740004321
541,la'ie,21.6477,-157.9253,28.92,76,10,3.13,US,1740004322
542,little falls,40.869,-74.2082,-1.66,52,0,7.2,US,1740004323
543,lagos,6.5833,3.75,26.74,87,100,1.9,NG,1740004263
544,corning,42.1428,-77.0547,-6.64,64,100,1.79,US,1740004325
545,arno,60.1167,18.6333,-5.31,95,12,2.63,SE,1740004326
546,larache,35.1932,-6.1557,14.51,79,0,2.66,MA,1740004330
547,mahdia,35.5047,11.0622,13.75,79,100,2.97,TN,1740004331
548,mathba,22.2855,89.9629,20.05,88,0,0.57,BD,1740004332
549,cabedelo,-6.9811,-34.8339,27.37,75,94,4.03,BR,1740004333
550,saint-joseph,-21.3667,55.6167,24.21,77,93,3.95,RE,1740004334
551,hibbing,47.4272,-92.9377,-15.25,66,100,5.66,US,1740004335
552,claveria,18.6074,121.0832,22.15,90,100,7.45,PH,1740004336
553,holualoa,19.6228,-155.9522,25.91,73,20,5.66,US,1740004338
554,hola,51.5377,23.1902,-5.41,95,58,1.1,PL,1740004339
555,maba,24.6841,113.5984,14.91,68,100,1.21,CN,1740004340
556,supe,-10.8,-77.7333,23.69,81,84,2.6,PE,1740004341
557,huaicheng,23.9051,112.1931,17.63,72,100,1.39,CN,1740004342
558,ogdensburg,44.6942,-75.4863,-11.1,52,0,3.09,US,1740004343
559,kotlas,61.2611,46.6556,-15.88,98,77,2.18,RU,1740004344
560,kandahar,31.0,65.75,6.25,62,0,3.64,AF,1740004345
561,port augusta,-32.5,137.7667,20.16,43,0,4.04,AU,1740004346
562,easley,34.8298,-82.6015,3.14,84,100,0.45,US,1740004348
563,medvezh'yegorsk,62.9167,34.4667,-12.22,97,58,1.56,RU,1740004246
564,bonthe,7.5264,-12.505,25.06,86,77,3.1,SL,1740004350
565,vero beach,27.6386,-80.3973,26.69,89,100,3.09,US,1740004351
566,conduaga,8.862,117.4893,25.08,87,100,0.44,PH,1740004352
567,serowe,-22.3833,26.7167,19.01,97,100,7.65,BW,1740004354
568,george town,5.4112,100.3354,25.96,77,20,1.54,MY,1740004068
569,revda,56.801,59.9303,-23.78,99,51,1.37,RU,1740004356
570,dalnegorsk,44.5604,135.5701,-14.83,75,9,2.61,RU,1740004358
571,carutapera,-1.195,-46.02,24.54,93,100,2.18,BR,1740004359
572,katsuura,35.1333,140.3,5.23,39,0,9.46,JP,1740004360
573,puerto armuelles,8.2833,-82.8667,28.38,71,74,3.58,PA,1740004361
